id,excerpt,gold_item
1,"We mapped staffing handoffs and clarified roles across shifts to reduce missed tasks.",microsystem structuring
2,"Our team redesigned unit workflows so everyone knew accountability points.",microsystem structuring
3,"The CNL helped standardize rounds and role boundaries across the unit.",microsystem structuring
4,"We created one workflow board so nursing and therapy teams saw the same plan.",microsystem structuring
5,"The unit now has a clear structure for escalation and daily coordination.",microsystem structuring
6,"After restructuring team routines, discharge planning became less fragmented.",microsystem structuring
7,"At first we were unsure the CNL model could actually fix our quality gaps.",consensus CNL can close gaps
8,"Once leaders aligned on one vision, confidence in the CNL approach increased.",consensus CNL can close gaps
9,"Staff buy-in improved when we saw the model support safer patient flow.",consensus CNL can close gaps
10,"There was debate, but eventually the unit agreed the CNL model was needed.",consensus CNL can close gaps
11,"Our managers and bedside nurses reached consensus on adopting CNL practice.",consensus CNL can close gaps
12,"The team accepted that the model could address recurring care coordination issues.",consensus CNL can close gaps
13,"Data collection was inconsistent before the CNL organized a repeatable workflow.",workflow structuring
14,"The CNL set a weekly process for tracking outcomes and follow-up actions.",workflow structuring
15,"We moved from ad hoc fixes to a consistent quality improvement cycle.",workflow structuring
16,"Worklists and process checkpoints made workflow more reliable.",workflow structuring
17,"The CNL coordinated process reviews so changes were sustained over time.",workflow structuring
18,"The workflow became clearer once data, tasks, and owners were defined.",workflow structuring
19,"The CNL coached staff to raise concerns early and propose safer solutions.",support staff engagement
20,"Nurses began leading improvement ideas because they felt supported.",support staff engagement
21,"Bedside staff said they felt empowered to challenge outdated routines.",support staff engagement
22,"The CNL mentored newer nurses through difficult care coordination cases.",support staff engagement
23,"People became more proactive when they had real-time support.",support staff engagement
24,"Unit morale improved when staff saw their ideas implemented.",support staff engagement
25,"Daily huddles improved communication between nurses, physicians, and families.",facilitate communication
26,"The CNL translated key updates so everyone worked from the same information.",facilitate communication
27,"Cross-discipline rounds reduced confusion and duplicated effort.",facilitate communication
28,"Communication tools made care plans more transparent across teams.",facilitate communication
29,"We now have a shared communication loop for urgent care updates.",facilitate communication
30,"The CNL served as the communication hub during complex discharges.",facilitate communication
31,"Teams now escalate concerns faster and handoffs are safer.",improved care environments
32,"Interprofessional trust improved and conflict during rounds decreased.",improved care environments
33,"Staff satisfaction rose after workflow and communication changes.",improved care environments
34,"The unit culture shifted toward shared ownership of patient safety.",improved care environments
35,"The environment feels more coordinated and less chaotic.",improved care environments
36,"People report better teamwork and fewer avoidable delays.",improved care environments
